Date,Clicks,Impressions,CTR,Position
2026-06-28,0,42,0%,13.6
2026-06-29,0,31,0%,18
2026-06-30,0,24,0%,28.2
2026-07-01,0,44,0%,25.2
2026-07-02,0,38,0%,23.3
2026-07-03,1,33,3.03%,25.9
2026-07-04,0,51,0%,18.2
2026-07-05,0,41,0%,20.9
2026-07-06,1,43,2.33%,19.3
2026-07-07,0,47,0%,22.1
2026-07-08,0,44,0%,21.5
2026-07-09,0,49,0%,23.7
2026-07-10,0,45,0%,18.7
2026-07-11,0,48,0%,16.4
2026-07-12,0,47,0%,24.9
2026-07-13,1,45,2.22%,20.9
2026-07-14,0,37,0%,20.2
2026-07-15,0,40,0%,27.4
2026-07-16,0,27,0%,26.7
2026-07-17,0,37,0%,19.5
2026-07-18,0,31,0%,25.8
2026-07-19,0,39,0%,24.4
2026-07-20,0,36,0%,28.5
2026-07-21,0,43,0%,29.6
2026-07-22,0,45,0%,24.9
2026-07-23,0,39,0%,36.2
2026-07-24,0,34,0%,33.6
2026-07-25,0,50,0%,27.5
2026-07-26,0,30,0%,32.5
2026-07-27,0,48,0%,25.1
2026-07-28,0,49,0%,23.5
2026-07-29,0,40,0%,28.2
2026-07-30,0,54,0%,34.7
2026-07-31,0,45,0%,32.3
2026-08-01,0,48,0%,23.2
2026-08-02,0,52,0%,28.4
2026-08-03,0,45,0%,28.5
2026-08-04,0,58,0%,29.1
2026-08-05,0,88,0%,38.2
2026-08-06,0,64,0%,40
2026-08-07,0,35,0%,38.7
2026-08-08,0,52,0%,35.7
2026-08-09,0,48,0%,35.3
2026-08-10,0,68,0%,31.9
2026-08-11,0,140,0%,21.3
2026-08-12,1,135,0.74%,19.8
2026-08-13,0,145,0%,21.8
2026-08-14,0,120,0%,19.4
2026-08-15,0,120,0%,20.5
2026-08-16,0,149,0%,18.4
2026-08-17,0,105,0%,21.1
2026-08-18,0,131,0%,18.8
2026-08-19,0,147,0%,19.8
2026-08-20,0,117,0%,24.7
2026-08-21,0,96,0%,18.2
2026-08-22,1,157,0.64%,19.2
2026-08-23,0,155,0%,23
2026-08-24,0,111,0%,19.7
2026-08-25,0,133,0%,19.4
2026-08-26,0,142,0%,22
2026-08-27,0,134,0%,24.1
2026-08-28,1,121,0.83%,22.9
2026-08-29,0,134,0%,23.2
2026-08-30,0,141,0%,19.2
2026-08-31,0,154,0%,18.3
2026-09-01,0,144,0%,16.7
2026-09-02,0,132,0%,17.8
2026-09-03,0,86,0%,21
2026-09-04,1,82,1.22%,17
2026-09-05,0,77,0%,12.7
2026-09-06,0,66,0%,17.8
2026-09-07,0,74,0%,24.1
2026-09-08,0,96,0%,17.2
2026-09-09,0,118,0%,14.8
2026-09-10,0,120,0%,18.2
2026-09-11,0,46,0%,19
2026-09-12,1,59,1.69%,24.3
2026-09-13,0,35,0%,26.1
2026-09-14,0,52,0%,29.3
2026-09-15,0,68,0%,17.2
2026-09-16,0,128,0%,23.1
2026-09-17,0,94,0%,21.7
2026-09-18,0,142,0%,22
2026-09-19,0,155,0%,19.2
2026-09-20,0,123,0%,21
2026-09-21,0,113,0%,20
2026-09-22,1,113,0.88%,15.5
2026-09-23,0,138,0%,15.4
2026-09-24,0,214,0%,13.1
2026-09-25,0,96,0%,19.9
2026-09-26,1,76,1.32%,16.4
2026-09-27,0,102,0%,18.4