Country,Clicks,Impressions,CTR,Position
United States,10,7490,0.13%,21.58
India,7,138,5.07%,16.14
Canada,2,173,1.16%,13.47
United Kingdom,1,90,1.11%,21.8
France,1,31,3.23%,7.19
Singapore,1,25,4%,12.4
Spain,1,19,5.26%,22.16
Sweden,1,9,11.11%,8.33
Slovenia,1,2,50%,3.5
Australia,0,77,0%,13.87
Philippines,0,45,0%,22.11
Brazil,0,43,0%,10.16
Germany,0,26,0%,10.46
Netherlands,0,25,0%,11.56
Indonesia,0,22,0%,14.55
Vietnam,0,21,0%,26.19
Russia,0,21,0%,36.14
United Arab Emirates,0,20,0%,7.3
Mexico,0,17,0%,12.94
Pakistan,0,17,0%,27.76
Japan,0,16,0%,19.56
Malaysia,0,14,0%,22.93
Italy,0,13,0%,11.08
Morocco,0,12,0%,24.92
Turkey,0,12,0%,32.08
Bangladesh,0,12,0%,42.83
Ukraine,0,11,0%,14.91
Switzerland,0,10,0%,7.2
Nigeria,0,9,0%,6.33
Greece,0,9,0%,11.44
Israel,0,9,0%,14.44
Thailand,0,9,0%,16.89
New Zealand,0,9,0%,18
Hong Kong,0,8,0%,7.25
Ireland,0,8,0%,10.38
Romania,0,8,0%,16.62
Jordan,0,7,0%,15
Argentina,0,6,0%,4.67
Portugal,0,6,0%,5
South Africa,0,6,0%,5.17
China,0,6,0%,6.17
Colombia,0,6,0%,8
Czechia,0,6,0%,10.83
Poland,0,6,0%,15.67
Belgium,0,6,0%,21
Egypt,0,5,0%,5.6
Saudi Arabia,0,5,0%,6.8
Nepal,0,4,0%,7
Serbia,0,4,0%,8.25
South Korea,0,4,0%,17.75
Peru,0,3,0%,4.67
Chile,0,3,0%,5.67
Lebanon,0,3,0%,5.67
Finland,0,3,0%,6
Lithuania,0,3,0%,7
Costa Rica,0,3,0%,8.67
Sri Lanka,0,3,0%,9
Algeria,0,3,0%,23
Myanmar (Burma),0,2,0%,3
Montenegro,0,2,0%,3.5
Hungary,0,2,0%,4
Taiwan,0,2,0%,4.5
Syria,0,2,0%,5
Ethiopia,0,2,0%,5.5
Kenya,0,2,0%,6
Slovakia,0,2,0%,6
Venezuela,0,2,0%,6
Austria,0,2,0%,6.5
Croatia,0,2,0%,6.5
Bulgaria,0,2,0%,8.5
Oman,0,2,0%,8.5
Kuwait,0,2,0%,26
Iraq,0,2,0%,33
Bosnia & Herzegovina,0,1,0%,1
Dominica,0,1,0%,1
Honduras,0,1,0%,1
Senegal,0,1,0%,1
Afghanistan,0,1,0%,4
Iceland,0,1,0%,4
Malawi,0,1,0%,4
Guam,0,1,0%,5
Tanzania,0,1,0%,5
Cambodia,0,1,0%,6
Dominican Republic,0,1,0%,7
Macedonia,0,1,0%,7
Brunei,0,1,0%,8
Jersey,0,1,0%,8
Puerto Rico,0,1,0%,8
Uganda,0,1,0%,8
Jamaica,0,1,0%,9
Armenia,0,1,0%,10
Ghana,0,1,0%,10
Maldives,0,1,0%,10
Zambia,0,1,0%,10
Paraguay,0,1,0%,16
Nicaragua,0,1,0%,22
Latvia,0,1,0%,26
Kazakhstan,0,1,0%,38
Guatemala,0,1,0%,39
Sierra Leone,0,1,0%,43
Haiti,0,1,0%,45