Top pages,Clicks,Impressions,CTR,Position
https://www.zyenereviews.com/,14,242,5.79%,11.56
https://www.zyenereviews.com/about,3,465,0.65%,6.86
https://www.zyenereviews.com/industries/salons,2,259,0.77%,32.04
https://www.zyenereviews.com/agencies,2,18,11.11%,14.06
https://www.zyenereviews.com/resources/local-seo-checklist,1,5115,0.02%,16.55
https://www.zyenereviews.com/blog/how-to-get-a-google-review-link,1,558,0.18%,18.84
https://www.zyenereviews.com/pricing,1,61,1.64%,7.97
https://www.zyenereviews.com/blog/how-to-respond-to-a-positive-review,1,58,1.72%,25.02
https://www.zyenereviews.com/blog/birdeye-alternatives-for-local-businesses,0,556,0%,31.76
https://www.zyenereviews.com/industries/hotels,0,421,0%,40.63
https://www.zyenereviews.com/compare,0,387,0%,36.09
https://www.zyenereviews.com/tools,0,311,0%,20.54
https://www.zyenereviews.com/partners,0,213,0%,38.34
https://www.zyenereviews.com/resources,0,92,0%,33.9
https://www.zyenereviews.com/blog/can-you-delete-a-google-review,0,75,0%,17.28
https://www.zyenereviews.com/contact,0,47,0%,20.13
https://www.zyenereviews.com/privacy,0,39,0%,4.56
https://www.zyenereviews.com/blog/hvac-home-services-reputation-management,0,39,0%,20.64
https://www.zyenereviews.com/features,0,38,0%,8.53
https://www.zyenereviews.com/help/getting-started/connecting-google-business-profile,0,16,0%,23.44
https://www.zyenereviews.com/data-retention,0,14,0%,9.07
https://www.zyenereviews.com/case-studies/sunrise-dental-austin,0,12,0%,7.5
https://www.zyenereviews.com/blog/podium-pricing-vs-zyene-reviews,0,10,0%,4.7
https://www.zyenereviews.com/blog/restaurant-owners-guide-to-google-reviews,0,8,0%,4.75
https://www.zyenereviews.com/tools/reputation-score-checker,0,5,0%,48.8
https://www.zyenereviews.com/features/analytics,0,4,0%,3
https://www.zyenereviews.com/help/integrations,0,4,0%,4.5
https://www.zyenereviews.com/compare/gatherup,0,4,0%,5.75
https://www.zyenereviews.com/help/analytics/understanding-your-analytics-dashboard,0,2,0%,33.5
https://www.zyenereviews.com/blog/how-to-get-a-google-review-link-for-your-business-2026,0,1,0%,1
https://www.zyenereviews.com/case-studies/wolfpack-bbq-charlotte,0,1,0%,5
https://www.zyenereviews.com/es/industries/restaurantes,0,1,0%,7
https://www.zyenereviews.com/tools/review-link-generator,0,1,0%,10