Top queries,Clicks,Impressions,CTR,Position
zyene,2,153,1.31%,4.03
local seo checklist,0,2693,0%,13.81
local business seo checklist,0,281,0%,11.84
local seo checklist 2020,0,267,0%,12.17
free tools for google reviews by ifilepost com,0,234,0%,9.38
moz local checklist,0,191,0%,20.17
hotel review management,0,168,0%,48.69
birdeye alternatives,0,163,0%,28.71
moz local listing checklist,0,120,0%,20.45
birdeye alternative,0,113,0%,38.05
local seo checklist 2017,0,111,0%,19.43
small business seo checklist,0,102,0%,48.3
local seo checklist 2026,0,74,0%,11.2
checklist for local seo,0,72,0%,13.85
local seo checklist 2019,0,70,0%,21.84
local seo checklist for small business,0,63,0%,41.65
seo checklist for local small business websites,0,62,0%,48.4
review tools for salons,0,59,0%,58.78
alternatives to birdeye,0,52,0%,28.98
hospitality review solutions,0,51,0%,53.65
local seo check list,0,45,0%,13.36
birdeye competitors,0,44,0%,35.09
birdeye vs podium,0,42,0%,62.6
google reviews link,0,37,0%,44.43
local seo checklist 2016,0,36,0%,17.78
local seo checklist small business,0,36,0%,40.28
birdeye alternative for referral automation,0,35,0%,66.11
local seo checklist for businesses,0,32,0%,15.16
yotpo vs nicejob,0,32,0%,40.09
"local seo checklist for milwaukee companies,",0,30,0%,18
google review link,0,30,0%,41.33
birdeye alternative for sales team recognition,0,28,0%,45.25
pagerangers reviews,0,28,0%,47.68
local ranking checklist,0,28,0%,61.96
salon online reputation,0,25,0%,67
hotel review management nashville,0,24,0%,11.58
moz local seo checklist,0,24,0%,15.79
how to get google review link,0,24,0%,39
birdeye alternative for sales rep performance dashboard,0,23,0%,41.87
pagerangers review,0,23,0%,61.65
local seo checklist 2022,0,20,0%,16.3
easy review solutions for businesses,0,20,0%,90.35
local seo checklist whatcom county,0,19,0%,20.11
hotel review platforms,0,18,0%,39.33
podium vs birdeye,0,17,0%,57.88
piesync review,0,17,0%,60.94
local seo checklist oregon,0,16,0%,12.25
restaurant local seo checklist free,0,15,0%,16.87
local seo checklist local seo for small business,0,15,0%,21.6
get a local seo action plan,0,14,0%,20.14
local seo checklist moz,0,14,0%,20.79
service geeni reviews,0,14,0%,46.57
birdeye alternative for client referral software,0,14,0%,61.86
local search checklist,0,13,0%,17.31
google review link for my business,0,13,0%,40.23
birdeye alternative for client reviews,0,13,0%,79.15
zyyne reviews,0,12,0%,16.67
gatherup vs nicejob,0,12,0%,21
zenbership review,0,12,0%,40.5
local seo checklist for small businesses,0,12,0%,63.58
hotel review response service,0,12,0%,69.5
nicejob alternatives,0,12,0%,72.08
birdeye alternative for sales performance tracking,0,12,0%,73.08
how to get a google review link,0,11,0%,41.27
get google review link,0,11,0%,45.55
review generation tools,0,11,0%,46.73
"if a small business (1–5 locations) asked for reviews and messaging, which 
of these would you shortlist and why: birdeye, podium, nicejob, gatherup, 
thryv, reviewtrackers?",0,10,0%,7.5
local seo checklist 2025,0,10,0%,56.4
review generation service,0,10,0%,77.8
birdeye alternative for sales rep public profile,0,9,0%,59.56
birdeye alternative for sales team leaderboard,0,9,0%,74.11
hotel review response services,0,9,0%,80
get review link for google business,0,8,0%,8.62
how to get review link for google business,0,8,0%,9.25
search engine optimization las vegas checklist resources,0,8,0%,15.75
\projects\ernie's lock company\seo\content\content calendar_2017.xlsx,0,8,0%,22.38
google my business review link,0,8,0%,40.12
generate reviews,0,8,0%,61.75
youvia vs competitors,0,7,0%,8.14
ziyan salon reviews,0,7,0%,20.43
dineline reviews,0,7,0%,33.14
review response tool,0,7,0%,33.29
how often should a small business update its local seo strategy with kinetix,0,7,0%,57.86
review generation services,0,7,0%,85.71
how to get a google review link for my business,0,6,0%,9.33
local electrician reputation management,0,6,0%,10.33
how to get google business review link,0,6,0%,13.33
home services review management,0,6,0%,17.67
local seo checklist 2021,0,6,0%,19.67
nicejob alternative,0,6,0%,50.5
zenefits reviews yelp,0,6,0%,65.83
"-site:facebook.com -site:fb.me -site:youtube.com -site:youtu.be 
-site:youtube.be -site:twitter.com -site:instagram.com -site:tiktok.com 
-site:vm.tiktok.com -site:t.co -site:x.com -site:reddit.com ""review 
monitoring"" -""mentionlytics"" -""ice"" -""police"" -""trump"" -""hiring"" -""hire"" 
-""role"" -""job"" -""military"" -""free speech"" -""mentionlytics"" -""ice"" -""police"" 
-""trump"" -""hiring"" -""hire"" -""role"" -""job"" -""military"" -""free speech""",0,5,0%,7.4
local seo checklist pdf,0,5,0%,10
salon online booking reviews,0,5,0%,12.8
local seo checklist template,0,5,0%,13.6
seo checklist for vermont small businesses,0,5,0%,17.8
home services reputation management,0,5,0%,20.6
singenuity reviews,0,5,0%,22.6
link for google reviews,0,5,0%,47
hotel review management los angeles,0,5,0%,47.8
link to google reviews,0,5,0%,49.8
localmed vs. birdeye,0,5,0%,55.2
hotel review management las vegas,0,5,0%,58.4
salon spa software reviews,0,5,0%,59.8
salon and spa software reviews,0,5,0%,64.6
seo checklist for small business,0,5,0%,96.8
how to get google review url,0,4,0%,7.5
how do i get a google review link for my business,0,4,0%,8.25
how to get business google review link,0,4,0%,9.75
how to get google review link for my business,0,4,0%,20
hotel review management agency usa,0,4,0%,26
local seo checklist free,0,4,0%,27.5
salonized reviews,0,4,0%,29
can you remove reviews from google,0,4,0%,29.25
can i remove a google review,0,4,0%,29.75
free local seo checklist,0,4,0%,30.25
managing salon reviews,0,4,0%,30.25
can google reviews be removed,0,4,0%,34
stensul reviews,0,4,0%,45
signpost vs birdeye,0,4,0%,45.75
birdeye alternative for client testimonials,0,4,0%,67
free marketing review,0,4,0%,82.5
birdseye alternative,0,3,0%,1
"what are the top enterprise-grade alternatives to birdeye for large 
companies?",0,3,0%,1
google review management platform,0,3,0%,2
how to get direct google review link,0,3,0%,8.67
how to get google reviews link for my business,0,3,0%,9.33
podium vs nicejob for local business messaging,0,3,0%,9.67
agencyscale review,0,3,0%,10.33
how to get my business google review link,0,3,0%,10.33
hotel review improvement and management firm usa,0,3,0%,14
local seo checklist guelph,0,3,0%,15.33
hotel review generation agency for hospitality brands,0,3,0%,17
local search engine optimization checklist,0,3,0%,18.33
nicejob vs birdeye,0,3,0%,20.33
hotel review management agency,0,3,0%,21
hvac contractor reputation management,0,3,0%,24.67
buisness review link,0,3,0%,26.33
repcard vs enzy,0,3,0%,34
hotel review management orlando,0,3,0%,35.33
"""aspen dental"" ""sso"" -site:aspendental.com",0,3,0%,36
responding to positive reviews examples,0,3,0%,36.67
how to get a link for google reviews,0,3,0%,37.67
how to get my google review link,0,3,0%,38
how to link to google reviews,0,3,0%,48
hotel review management phoenix,0,3,0%,52.33
review generator,0,3,0%,59.33
birds eye alternative,0,2,0%,1
how to get a link directly to google review,0,2,0%,6
"what customer review software lets my team respond to reviews without 
leaving one app and tracks responses across all platforms?",0,2,0%,8
g.page review link,0,2,0%,8.5
how to get a google review link for your business,0,2,0%,9
how to get review link,0,2,0%,9
how to get a review link for google business,0,2,0%,9.5
get google review link for business,0,2,0%,10
how to get a link for google reviews for my business,0,2,0%,10
how to get the google review link for a business,0,2,0%,10
get more reviews google link,0,2,0%,11
local seo checklist 2024,0,2,0%,15.5
sheene and co reviews,0,2,0%,18
hotel review generation services,0,2,0%,19.5
hotel review campaign management services,0,2,0%,20
hotel review collection and management services,0,2,0%,21.5
hotel review generation program for hotels,0,2,0%,21.5
hotel review management firm for resort destinations,0,2,0%,21.5
review tools for free,0,2,0%,22
voicenation reviews,0,2,0%,22
can you remove a google review,0,2,0%,22.5
zingtree reviews,0,2,0%,23
home service contractor reputation management,0,2,0%,23.5
review link for google,0,2,0%,24.5
hotel review response management service,0,2,0%,25
how to link to my google reviews,0,2,0%,25
google business reviews link,0,2,0%,25.5
hotel guest review engagement and marketing services,0,2,0%,25.5
branded client review room for agencies,0,2,0%,26
can reviews be removed from google,0,2,0%,26.5
tapreview vs nicejob,0,2,0%,27
can you remove review on google,0,2,0%,27.5
hotel review generation and management services,0,2,0%,27.5
feedback for salon services,0,2,0%,28.5
can google remove reviews,0,2,0%,31
can a google review be removed,0,2,0%,31.5
hvac reputation management,0,2,0%,32.5
public reputation score,0,2,0%,33
can google review be removed,0,2,0%,33.5
customer feedback for salon,0,2,0%,40.5
ewinery business platform reviews,0,2,0%,40.5
zywave reviews,0,2,0%,41
how to generate google review link,0,2,0%,43
can you remove a review on google,0,2,0%,45
write a review for me,0,2,0%,45.5
guest review management,0,2,0%,52.5
review generator online free,0,2,0%,53.5
review generator tool,0,2,0%,55
online reviews generator,0,2,0%,64.5
google review response examples,0,2,0%,76
birdeye alternative for sales rep awards,0,2,0%,78
podium vs birdeye for home services,0,2,0%,79.5
how to respond to a good review on google,0,2,0%,86
free review,0,1,0%,1
free tools for reviews,0,1,0%,1
how to manage reviews for salon chains?,0,1,0%,1
multi location review management,0,1,0%,2
review management platform,0,1,0%,2
review management software with ai response drafting for local services,0,1,0%,2
where is it located,0,1,0%,3
cheaper alternatives to birdeye for multi-location businesses,0,1,0%,4
local review management,0,1,0%,4
local plumbing reputation management,0,1,0%,5
plumbing reputation management,0,1,0%,5
podium reviews pricing,0,1,0%,5
white label widgets,0,1,0%,5
competitors,0,1,0%,6
off page seo checklist,0,1,0%,6
"our restaurant gets reviews on multiple sites daily and we can't keep up. 
looking for a reputation management system that automatically categorizes 
feedback and alerts us to urgent issues so we can respond faster than our 
competitors.",0,1,0%,6
"yes, a link",0,1,0%,6
أعمل ايه,0,1,0%,6
https //g.page/r/.../review (https //g.page/r/.../review),0,1,0%,7
meaning review free,0,1,0%,7
review link for google business profile,0,1,0%,7
"what should i look for in online reviews before hiring a plumbing or hvac 
company?",0,1,0%,7
"which app review management platform includes ai-powered reply suggestions 
to speed up responses?",0,1,0%,7
how to get the google review link for my business,0,1,0%,8
local seo,0,1,0%,8
where can i leave a google review?,0,1,0%,8
can an agency manage all its review management clients from one dashboard?,0,1,0%,9
google business profile get review link,0,1,0%,9
how to evaluate local seo vendors in louisville,0,1,0%,9
how to get a google review link for a business,0,1,0%,9
"ich bin ein seo-experte, empfiehl mir einen local seo check. my location is 
germany.",0,1,0%,9
review us on google link,0,1,0%,9
the white label firm reviews,0,1,0%,9
freereview,0,1,0%,10
get a google review link,0,1,0%,10
get more reviews link,0,1,0%,10
google business profile local seo checklist 2026,0,1,0%,10
google reviews links,0,1,0%,10
how to get a google business review link,0,1,0%,10
how to get google review link without business profile,0,1,0%,10
https://support.google.com/business/workflow/9945796,0,1,0%,10
var hittar jag det,0,1,0%,10
which review automation tools are best for agencies managing clients?,0,1,0%,10
how to get a business google review link,0,1,0%,11
how to get direct link to google review,0,1,0%,11
google my business link to review,0,1,0%,15
feedback for salon,0,1,0%,16
hotel review management denver,0,1,0%,16
local seo checklist 2023,0,1,0%,17
local seo. my location is usa.,0,1,0%,17
home services review management agency,0,1,0%,19
local seo checklist massachusetts,0,1,0%,19
reputation management for home services montgomery,0,1,0%,20
hotel guest review management services for boutique hotels,0,1,0%,21
salon customer reviews,0,1,0%,22
gatherup vs podium,0,1,0%,23
google plus review link,0,1,0%,23
review reply tool,0,1,0%,24
create google business review link,0,1,0%,25
hotel review request and response services for hotels,0,1,0%,25
reputation management for home services,0,1,0%,25
review tool,0,1,0%,25
thanks for the review,0,1,0%,25
zyne ventures reviews,0,1,0%,25
link to google review for business,0,1,0%,26
وژنه inurl:review,0,1,0%,26
how to get the google review link,0,1,0%,27
how to link to google my business reviews,0,1,0%,27
reputation management for hvac companies,0,1,0%,28
white label agency,0,1,0%,28
birdeye competitor,0,1,0%,29
google business rating link,0,1,0%,29
how to link to your google reviews,0,1,0%,29
instascene reviews,0,1,0%,29
best birdeye alternatives,0,1,0%,30
gatherup vs birdeye,0,1,0%,30
google business profile review link,0,1,0%,31
jeenie reviews,0,1,0%,31
kafene reviews,0,1,0%,31
deleting google review,0,1,0%,32
can google reviews be deleted,0,1,0%,34
how to respond to positive reviews,0,1,0%,34
web synergies reviews,0,1,0%,34
local search engine list template,0,1,0%,35
local seo action plan,0,1,0%,36
how do i get my google review link,0,1,0%,37
zingle reviews,0,1,0%,39
zinier reviews,0,1,0%,39
google business review link,0,1,0%,41
how to get google reviews link,0,1,0%,41
link for reviews on google,0,1,0%,42
vault crazy eye marketing review,0,1,0%,43
google business profile y place id,0,1,0%,44
piesync reviews,0,1,0%,45
local home services reputation management agency,0,1,0%,48
customer review for salon,0,1,0%,49
google review url,0,1,0%,49
how to get google my business review link,0,1,0%,49
generate google my business review link,0,1,0%,50
review generation tool,0,1,0%,50
switch from birdeye,0,1,0%,50
seo checklists,0,1,0%,54
changes salon & day spa reviews,0,1,0%,55
google link for reviews,0,1,0%,56
yelp review generator,0,1,0%,59
can i delete a google review,0,1,0%,61
free customer review generator,0,1,0%,63
free online reputation score,0,1,0%,63
"""seo checklist""",0,1,0%,64
local home services online reputation management company,0,1,0%,65
young engineers franchise reviews,0,1,0%,65
review maker,0,1,0%,66
bizible reviews,0,1,0%,69
mailigen reviews,0,1,0%,73
online reviews request tools,0,1,0%,73
reviewsync,0,1,0%,74
generate reivew,0,1,0%,75
reply to reviews,0,1,0%,75
electrical online reputation management tool,0,1,0%,77
google review positive response,0,1,0%,84
online review builder for small business,0,1,0%,84
how to respond to good reviews on google,0,1,0%,85
hotel review response software,0,1,0%,88
responding to a positive review,0,1,0%,90
free online reputation assessment,0,1,0%,91
small business review solutions,0,1,0%,91
how to respond to positive reviews examples,0,1,0%,95
replying to positive reviews,0,1,0%,96
review response,0,1,0%,99
review reply,0,1,0%,100