client,location,task,owner,due_date,status,evidence_url,baseline,result
,,Confirm profile eligibility and public address,,,Not started,,,
,,Verify hours phone category and website,,,Not started,,,
,,Record Search Console baseline,,,Not started,,,
,,Inspect priority landing page indexing,,,Not started,,,
,,Copy and test official Google review link,,,Not started,,,
,,Offer honest review requests to genuine customers,,,Not started,,,
,,Assign review replies and service recovery,,,Not started,,,
,,Fix priority page content and internal links,,,Not started,,,
,,Check mobile performance,,,Not started,,,
,,Review conversions and search results after 28 days,,,Not started,,,
