priority,keyword,audience,intent,existing_page,gsc_us_clicks,gsc_us_impressions,gsc_us_avg_position,next_action,google_keyword_planner_volume,organic_difficulty
P1,local seo checklist,Businesses and agencies,Informational,/resources/local-seo-checklist,0,2660,13.8,Refresh implemented locally; publish then measure CTR and qualified visits,unavailable - no Ads account access,not measured
P1,local business seo checklist,Businesses,Informational,/resources/local-seo-checklist,0,279,11.83,Use same page; avoid a duplicate checklist,unavailable - no Ads account access,not measured
P1,local seo checklist 2026,Businesses and agencies,Informational,/resources/local-seo-checklist,0,66,11,Keep current date and actionable first-week section,unavailable - no Ads account access,not measured
P2,birdeye alternatives,Businesses and agencies,Commercial comparison,/blog/birdeye-alternatives-for-local-businesses,0,161,28.62,Verify competitor facts and prices; add original comparison evidence,unavailable - no Ads account access,not measured
P2,birdeye alternative,Businesses and agencies,Commercial comparison,/blog/birdeye-alternatives-for-local-businesses,0,110,38.72,Consolidate intent with plural query; avoid duplicate article,unavailable - no Ads account access,not measured
P2,how to get a google review link,Businesses and agencies,Task completion,/blog/how-to-get-a-google-review-link,0,5,41.2,Refresh implemented locally; promote free tool and location register,unavailable - no Ads account access,not measured
P2,google review qr code,Businesses,Task completion,/blog/how-to-get-a-google-review-link,not in exported rows,not in exported rows,not in exported rows,Explain free official QR download; no paid tool needed,unavailable - no Ads account access,not measured
P3,hotel review management,Hotels,Commercial,/industries/hotels,0,165,48.89,Build original hotel workflow evidence before expansion,unavailable - no Ads account access,not measured
P2,review management software for agencies,Agencies,Commercial,/agencies,not in exported rows,not in exported rows,not in exported rows,Validate product claims; demonstrate client permissions and multi-business workflow,unavailable - no Ads account access,not measured
P2,google review management software,Businesses,Commercial,/,not in exported rows,not in exported rows,not in exported rows,Strengthen clear product positioning and link to verified product proof,unavailable - no Ads account access,not measured
P3,can google reviews be deleted,Businesses,Question,/blog/can-you-delete-a-google-review,0,1,34,Improve existing answer; link to official policy; no removal promises,unavailable - no Ads account access,not measured
